date,Temperature,Humidity,Light,CO2,HumidityRatio,Occupancy
02/02/2015 14:19,*,26.272,585.2,749.2,0.004764163,1
02/02/2015 14:19,23.718,26.29,578.4,760.4,0.004772661,1
02/02/2015 14:21,23.73,26.23,572.6666667,769.6666667,0.004765153,1
02/02/2015 14:22,23.7225,26.125,493.75,774.75,0.004743773,1
02/02/2015 14:23,23.754,26.2,488.6,779,0.004766594,1
02/02/2015 14:23,23.76,26.26,568.6666667,790,0.004779332,1
02/02/2015 14:25,23.73,26.29,536.3333333,798,0.004776136,1
02/02/2015 14:25,23.754,26.29,509,797,0.004783094,1
02/02/2015 14:26,23.754,26.35,476,803.2,0.004794094,1
02/02/2015 14:28,,26.39,510,809,0.004796189,1
02/02/2015 14:29,23.745,26.445,481.5,,0.004808886,1
02/02/2015 14:30,,26.56,481.8,824,0.004816793,1
02/02/2015 14:31,23.7,26.6,475.25,,0.004824104,1
02/02/2015 14:31,,,469,845.3333333,0.004842381,1
02/02/2015 14:32,23.7,26.774,464,,0.004855906,1
02/02/2015 14:34,23.7,26.89,464,,0.00487711,1
02/02/2015 14:35,23.7,26.9725,455,,0.004892191,1
02/02/2015 14:36,,26.89,454,,0.004847594,1
02/02/2015 14:37,23.64,26.976,458,,0.004875045,1
02/02/2015 14:38,23.65,27.05,464,900.5,0.004891492,1
02/02/2015 14:38,23.64,27.1,473,908.8,0.00489763,1
02/02/2015 14:39,,27.16,464,918,0.004896652,1
02/02/2015 14:41,23.6,27.236,498.4,925.2,0.004910462,1
02/02/2015 14:42,23.6,27.29,530.2,929.4,0.004920275,1
02/02/2015 14:43,23.6,27.33,533.6,936.4,0.004927544,1
02/02/2015 14:44,23.6,27.34,524.25,950,0.004929361,1
02/02/2015 14:44,23.625,27.3925,498.6666667,961,0.004946406,1
02/02/2015 14:45,23.6,27.39,516.3333333,963,0.004938448,1
02/02/2015 14:47,23.6,27.412,501.2,958.6,0.004942446,1
02/02/2015 14:48,23.6,27.5,522,965.3333333,0.004958439,1
02/02/2015 14:49,23.6,27.525,520.5,979.25,0.004962982,1
02/02/2015 14:50,23.6,27.6,505.2857143,978.4285714,0.004976614,1
02/02/2015 14:51,23.6,27.6,488.3333333,983,0.004976614,1
02/02/2015 14:51,23.6,27.54,512,992.6,0.004965709,1
02/02/2015 14:53,23.6,27.6,511,997.2,0.004976614,1
02/02/2015 14:54,23.61666667,27.63333333,501.5,999.5,0.004987718,1
02/02/2015 14:55,23.66666667,27.7,503.6666667,1001,0.005015051,1
02/02/2015 14:55,23.6,27.7,483.1666667,1009.5,0.00499479,1
02/02/2015 14:57,23.6,27.7225,483.5,1019,0.004998879,1
02/02/2015 14:57,23.6,27.79,473,1021,0.005011149,1
02/02/2015 14:58,23.6,27.85666667,470.3333333,1024.666667,0.005023268,1
02/02/2015 15:00,23.6,27.80428571,480.1428571,1030.428571,0.005013746,1
02/02/2015 15:01,23.575,27.79,464,1026.25,0.005003545,1
02/02/2015 15:02,23.54,27.81,474.4,1028,0.004996538,1
02/02/2015 15:03,23.6,27.978,470,1034.8,0.005045325,1
02/02/2015 15:04,23.525,28,454,1055.5,0.005026367,1
02/02/2015 15:04,23.5,27.978,454,1055.25,0.00501476,1
02/02/2015 15:06,23.5,28,454,1050,0.005018735,1
02/02/2015 15:07,23.5,28,454,1051.25,0.005018735,1
02/02/2015 15:08,23.5,28,445,1053.6,0.005018735,1
02/02/2015 15:08,23.5,28,439,1055.5,0.005018735,1
02/02/2015 15:10,23.5,28.025,444.25,1055,0.005023252,1
02/02/2015 15:10,23.445,28.125,454.75,1059.5,0.005024491,1
02/02/2015 15:11,23.39,28.18,455.8,1060,0.005017582,1
02/02/2015 15:13,23.39,28.2,451.6,1073.6,0.005021172,1
02/02/2015 15:14,23.39,28.2,451.6,1078.6,0.005021172,1
02/02/2015 15:15,23.39,28.2,454.75,1081,0.005021172,1
02/02/2015 15:16,23.39,28.2225,454.75,1082,0.005025211,1
02/02/2015 15:16,23.39,28.37333333,457.5,1088.833333,0.005052286,1
02/02/2015 15:17,23.37,28.39,464,1090.6,0.00504913,1
02/02/2015 15:19,23.39,28.32333333,464,1086,0.00504331,1
02/02/2015 15:20,23.37333333,28.445,464,1092.5,0.005060017,1
02/02/2015 15:21,23.39,28.5,471.5,1103.75,0.005075025,1
02/02/2015 15:22,23.32333333,28.5,475.6666667,1104.5,0.005054476,1
02/02/2015 15:23,23.365,28.5,471.5,1103.5,0.00506731,1
02/02/2015 15:23,23.29,28.5,467.75,1112,0.005044229,1
02/02/2015 15:24,23.30666667,28.53333333,466.5,1105.666667,0.005055304,1
02/02/2015 15:26,23.29,28.7,464,1104,0.005079916,1
02/02/2015 15:27,23.29,28.7,467,1117.2,0.005079916,1
02/02/2015 15:28,23.29,28.675,467.75,1121.25,0.005075455,1
02/02/2015 15:29,23.29,28.61666667,466.5,1115.666667,0.005065046,1
02/02/2015 15:29,23.29,28.66,459,1120,0.005072779,1
02/02/2015 15:30,23.29,28.55,464,1123.75,0.005053151,1
02/02/2015 15:32,23.29,28.6,470,1116,0.005062072,1
02/02/2015 15:33,23.272,28.6,464,1126.8,0.005056527,1
02/02/2015 15:34,23.2,28.4175,464,1112.75,0.005002016,1
02/02/2015 15:35,23.23,28.5,449,1104.5,0.005025831,1
02/02/2015 15:36,23.29,28.5,464,1108,0.005044229,1
02/02/2015 15:36,23.215,28.63333333,462.3333333,1127.833333,0.005044923,1
02/02/2015 15:38,23.2,28.6,469,1128.75,0.005034399,1
02/02/2015 15:39,23.2,28.65,469,1124.25,0.005043272,1
02/02/2015 15:40,23.2,28.62,469,1130.4,0.005037948,1
02/02/2015 15:40,23.2,28.7,464,1138,0.005052145,1
02/02/2015 15:42,23.2,28.7,456.5,1144,0.005052145,1
02/02/2015 15:42,23.2,28.718,457,1140,0.005055339,1
02/02/2015 15:43,23.2,28.79,450.25,1139.25,0.005068117,1
02/02/2015 15:45,23.2,28.79,446,1167.333333,0.005068117,1
02/02/2015 15:46,23.14,28.79,451.6,1159.6,0.005049618,1
02/02/2015 15:47,23.15,28.89,454.75,1157.75,0.005070391,1
02/02/2015 15:48,23.15,28.89,448,1159.5,0.005070391,1
02/02/2015 15:49,23.18,28.83,444,1156.4,0.005069034,1
02/02/2015 15:49,23.11666667,28.945,444,1160,0.005069809,1
02/02/2015 15:51,23.14,28.956,444,1169.8,0.005078972,1
02/02/2015 15:52,23.1,29,444,1176.166667,0.005074362,1
02/02/2015 15:53,23.1,29.075,444,1175.25,0.005087593,1
02/02/2015 15:53,23.1,28.918,444,1166.6,0.005059897,1
02/02/2015 15:55,23.1,27.925,444,1140.25,0.004884784,1
02/02/2015 15:55,23.06,27.772,444,1089.2,0.004845979,1
02/02/2015 15:56,23.02,27.556,435,1042.6,0.004796284,1
02/02/2015 15:58,23.01,27.81883333,432,1051.1,0.004839435,1
02/02/2015 15:59,23,28.08166667,429,1059.6,0.004882538,1
02/02/2015 16:00,23,27.956,429,1064.6,0.004860518,1
02/02/2015 16:01,22.98166667,27.90833333,429,1061.666667,0.004846741,1
02/02/2015 16:01,23,27.92666667,429,1058.333333,0.004855378,1
02/02/2015 16:02,23,28.018,429,1061.6,0.004871382,1
02/02/2015 16:04,22.98166667,28.06666667,429,1070.333333,0.004874454,1
02/02/2015 16:05,22.945,28.1,429,1074,0.004869381,1
02/02/2015 16:06,23,28.1,429,1086.25,0.004885751,1
02/02/2015 16:07,22.956,28.2,429,1089.6,0.004890128,1
02/02/2015 16:08,22.9725,28.1,429,1085,0.00487756,1
02/02/2015 16:08,22.945,28.13333333,429,1085,0.004875203,1
02/02/2015 16:09,23,28.2,429,1088,0.004903275,1
02/02/2015 16:21,22.79,27.365,438,1020.4,0.00469639,1
02/02/2015 16:23,22.79,27.2,444,1018,0.004667861,1
02/02/2015 16:24,22.79,27.17142857,435.4285714,1015.142857,0.004662921,1
02/02/2015 16:25,22.79,27.06666667,434,1006.333333,0.004644808,1
02/02/2015 16:25,22.79,27.02,432,1002.6,0.00463674,1
02/02/2015 16:27,22.772,26.934,438,993.2,0.004616793,1
02/02/2015 16:27,22.76,26.82333333,439,983.3333333,0.004594315,1
02/02/2015 16:28,22.7,26.754,432,976.2,0.004565583,1
02/02/2015 16:30,22.7225,26.7,432.75,980.75,0.004562569,1
02/02/2015 16:31,22.7,26.68333333,434,971.3333333,0.004553435,1
02/02/2015 16:32,22.7,26.53333333,444,966.6666667,0.004527652,1
02/02/2015 16:33,22.7,26.46333333,444,963,0.00451562,1
02/02/2015 16:34,22.7,26.445,441.5,952.3333333,0.004512469,1
02/02/2015 16:34,22.7,26.34,444,948,0.004494423,1
02/02/2015 16:36,22.7,26.26,444,945,0.004480674,1
02/02/2015 16:37,22.7,26.2,441,941.6,0.004470363,1
02/02/2015 16:38,22.7,26.16,438,929.8,0.004463489,1
02/02/2015 16:38,22.7,26.02,441,923.8,0.004439431,1
02/02/2015 16:40,22.7,26.1,440.25,919,0.004453178,1
02/02/2015 16:40,22.7,26,439,918.25,0.004435995,1
02/02/2015 16:41,22.7,25.934,438,919.4,0.004424654,1
02/02/2015 16:43,22.7,25.92666667,439,927.3333333,0.004423394,1
02/02/2015 16:44,22.7,25.815,432.75,920.25,0.004404207,1
02/02/2015 16:45,22.68,25.772,432,902.4,0.004391449,1
02/02/2015 16:46,22.64,25.696,429,904.4,0.004367718,1
02/02/2015 16:46,22.6,25.575,429,897,0.00433639,1
02/02/2015 16:47,22.66666667,25.6,429,892,0.004358383,1
02/02/2015 16:49,22.6,25.525,433.5,882.5,0.004327853,1
02/02/2015 16:50,22.62,25.476,436.2,887.2,0.004324772,1
02/02/2015 16:51,22.625,25.55,442.5,889.25,0.004338748,1
02/02/2015 16:52,22.6,25.39,443.4,889.2,0.004304805,1
02/02/2015 16:53,22.65,25.42,438,880.75,0.00432312,1
02/02/2015 16:53,22.6,25.2675,442.5,868.75,0.004283893,1
02/02/2015 16:54,22.6,25.218,439.8,861,0.004275443,1
02/02/2015 16:56,22.6,25.2,439.8,860.6,0.00427237,1
02/02/2015 16:57,22.6,25.2,435.5,864,0.00427237,1
02/02/2015 16:58,22.6,25.15,430.75,859,0.004263835,1
02/02/2015 16:59,22.6,25.14,440.6,854.4,0.004262128,1
02/02/2015 16:59,22.6,25.15,428.2,847.4,0.004263835,1
02/02/2015 17:00,22.6,25.04,432.2,837.2,0.004245059,1
02/02/2015 17:02,22.6,25.05,431.75,834.75,0.004246766,1
02/02/2015 17:03,22.6,25.06,429.2,832.4,0.004248472,1
02/02/2015 17:04,22.6,25,433,832,0.004238231,1
02/02/2015 17:05,22.6,25,433,836.25,0.004238231,1
02/02/2015 17:06,22.6,25,428.2,832.6,0.004238231,1
02/02/2015 17:06,22.6,25.025,428.25,821.5,0.004242498,1
02/02/2015 17:08,22.6,25.1,425.4,832.4,0.0042553,1
02/02/2015 17:09,22.6,25.08,429.2,832.4,0.004251886,1
02/02/2015 17:10,22.56,25.02,433,830.75,0.004231284,1
02/02/2015 17:10,22.58,25.08,433,821.5,0.00424669,1
02/02/2015 17:12,22.575,25.075,433,818.25,0.00424454,1
02/02/2015 17:12,22.56,24.912,433,819.8,0.004212896,1
02/02/2015 17:13,22.55,25.2,433,822.5,0.004259328,1
02/02/2015 17:15,22.6,24.9175,433,818,0.00422415,1
02/02/2015 17:16,22.58,25.06,433,812.8,0.004243281,1
02/02/2015 17:17,22.56666667,24.90833333,433,816.5,0.004213989,1
02/02/2015 17:18,22.525,24.945,433,822.25,0.004209495,1
02/02/2015 17:19,22.54,24.89,433,825,0.004204006,1
02/02/2015 17:19,22.5,24.865,433,816.5,0.004189492,1
02/02/2015 17:21,22.5,24.9175,433,811.5,0.004198397,1
02/02/2015 17:22,22.5,24.91166667,433,811,0.004197408,1
02/02/2015 17:23,22.56,24.81,433,812.2,0.00419553,1
02/02/2015 17:23,22.525,24.89,426,814.25,0.004200151,1
02/02/2015 17:25,22.52,24.976,430.2,824,0.004213473,1
02/02/2015 17:25,22.575,25.075,433,834.5,0.00424454,1
02/02/2015 17:26,22.6,25,433,837,0.004238231,1
02/02/2015 17:28,22.6,25.02142857,433,841.1666667,0.004241889,1
02/02/2015 17:29,22.6,25.04285714,433,845.3333333,0.004245546,1
02/02/2015 17:30,22.6,25.1,433,854.75,0.0042553,1
02/02/2015 17:31,22.6,25.1,428.3333333,850.3333333,0.0042553,1
02/02/2015 17:31,22.6,25.08,424.6,845.4,0.004251886,1
02/02/2015 17:32,22.6,25.16666667,433,854.3333333,0.00426668,1
02/02/2015 17:34,22.6,25.06666667,428.3333333,849.3333333,0.00424961,0
02/02/2015 17:35,22.6,25.2,422.5,853,0.00427237,0
02/02/2015 17:36,22.6,25.2,423.6666667,853,0.00427237,0
02/02/2015 17:37,22.54,25.16,424.6,852,0.004249921,0
02/02/2015 17:38,22.54,25.16,427.4,853.6,0.004249921,0
02/02/2015 17:38,22.54,25.14,421.8,845.6,0.00424652,0
02/02/2015 17:39,22.525,25.1,426,834.25,0.004235829,0
02/02/2015 17:41,22.5,25.04,421.8,826.4,0.004219178,0
02/02/2015 17:42,22.5,25,419,819.6,0.004212392,0
02/02/2015 17:43,22.5,25,419,829.6,0.004212392,0
02/02/2015 17:44,22.5,25,419,824,0.004212392,0
02/02/2015 17:44,22.5,24.912,419,814.2,0.004197464,0
02/02/2015 17:45,22.5,24.89,419,813.5,0.004193733,0
02/02/2015 17:47,22.5,24.89,419,813.8,0.004193733,0
02/02/2015 17:48,22.5,24.89,419,811,0.004193733,0
02/02/2015 17:49,22.478,24.87,419,804.6,0.004184704,0
02/02/2015 17:50,22.456,24.83,419,807.8,0.004172308,0
02/02/2015 17:51,22.5,24.85666667,419,802.3333333,0.004188079,0
02/02/2015 17:51,22.4175,24.7475,419,796.75,0.004148566,0
02/02/2015 17:53,22.456,24.81,419,794.4,0.004168925,0
02/02/2015 17:54,22.39,24.7,419,790.6,0.004133586,0
02/02/2015 17:55,22.4175,24.7225,419,789.75,0.004144348,0
02/02/2015 17:55,22.39,24.7,419,782.2,0.004133586,0
02/02/2015 17:57,22.39,24.7225,419,772.25,0.004137377,1
02/02/2015 17:57,22.39,24.71708333,419,772.925,0.004136464,1
02/02/2015 17:58,22.39,24.71166667,419,773.6,0.004135552,1
02/02/2015 18:00,22.39,24.625,419,773.75,0.004120952,1
02/02/2015 18:01,22.39,24.754,416.2,771.8,0.004142684,1
02/02/2015 18:02,22.39,24.912,418.6,782.8,0.004169303,1
02/02/2015 18:03,22.39,25.245,415,796.5,0.004225413,1
02/02/2015 18:04,22.39,25.0925,310.25,809,0.004199716,1
02/02/2015 18:04,22.39,25,0,805.5,0.00418413,0
02/02/2015 18:06,22.35,24.978,0,791.4,0.004170196,0
02/02/2015 18:07,22.32333333,25,0,779.3333333,0.004167082,0
02/02/2015 18:08,22.365,24.9725,0,780.75,0.004173103,0
02/02/2015 18:08,22.315,24.89,0,781.75,0.004146508,0
02/02/2015 18:10,22.29,24.9175,0,781,0.004144767,0
02/02/2015 18:10,22.29,24.912,0,778.4,0.004143846,0
02/02/2015 18:11,22.26,24.85666667,0,769.3333333,0.004126988,0
02/02/2015 18:13,22.254,24.85,0,766.5,0.004124357,0
02/02/2015 18:14,22.23,24.79333333,0,763.25,0.004108841,0
02/02/2015 18:15,22.26,24.82333333,0,762.3333333,0.004121417,0
02/02/2015 18:16,22.2,24.79,0,761.5,0.004100737,0
02/02/2015 18:16,22.2,24.79,0,761,0.004100737,0
02/02/2015 18:17,22.2,24.736,0,757,0.004091746,0
02/02/2015 18:19,22.2,24.79,0,752.3333333,0.004100737,0
02/02/2015 18:20,22.13333333,24.7,0,748.6666667,0.004069084,0
02/02/2015 18:21,22.1,24.7,0,746.25,0.004060772,0
02/02/2015 18:22,22.15,24.7225,0,745.25,0.00407698,0
02/02/2015 18:23,22.1,24.7,0,740.6666667,0.004060772,0
02/02/2015 18:23,22.1,24.7,0,738,0.004060772,0
02/02/2015 18:24,22.13333333,24.7,0,732.6666667,0.004069084,0
02/02/2015 18:26,22.1,24.7,0,727,0.004060772,0
02/02/2015 18:27,22.1,24.675,0,716,0.004056635,0
02/02/2015 18:28,22.06666667,24.66666667,0,723.25,0.004046971,0
02/02/2015 18:29,22.06666667,24.66666667,0,718.3333333,0.004046971,0
02/02/2015 18:29,22,24.58,0,716.6,0.004016193,0
02/02/2015 18:30,21.978,24.6,0,714,0.004014056,0
02/02/2015 18:32,21.978,24.56,0,714.2,0.004007487,0
02/02/2015 18:33,21.945,24.6,0,715,0.00400593,0
02/02/2015 18:34,21.92666667,24.5,0,706.6666667,0.003985052,0
02/02/2015 18:35,21.89,24.5,0,706,0.003976085,0
02/02/2015 18:36,21.89,24.525,0,698.75,0.003980169,0
02/02/2015 18:36,21.89,24.5,0,692.5,0.003976085,0
02/02/2015 18:38,21.89,24.5,0,694.75,0.003976085,0
02/02/2015 18:39,21.815,24.4175,0,697.25,0.003944389,0
02/02/2015 18:40,21.82333333,24.46333333,0,692,0.003953865,0
02/02/2015 18:40,21.79,24.39,0,691,0.003933868,0
02/02/2015 18:42,21.79,24.39,0,689.75,0.003933868,0
02/02/2015 18:42,21.79,24.39,0,689,0.003933868,0
02/02/2015 18:43,21.7675,24.39,0,687,0.00392843,0
02/02/2015 18:45,21.7675,24.365,0,679.75,0.003924377,0
02/02/2015 18:46,21.754,24.35,0,668.4,0.003918692,0
02/02/2015 18:47,21.7,24.29,0,665.6666667,0.003896013,0
02/02/2015 18:48,21.7,24.29,0,664.75,0.003896013,0
02/02/2015 18:49,21.7,24.29,0,668,0.003896013,0
02/02/2015 18:49,21.7,24.29,0,661.25,0.003896013,0
02/02/2015 18:51,21.64,24.236,0,658.2,0.003872972,0
02/02/2015 18:52,21.6,24.2,0,656,0.003857673,0
02/02/2015 18:53,21.6,24.2,0,654.8,0.003857673,0
02/02/2015 18:53,21.6,24.2225,0,653.75,0.003861282,0
02/02/2015 18:55,21.5,24.26,0,650.3333333,0.003843552,0
02/02/2015 18:55,21.5,24.2,0,650.75,0.003833988,0
02/02/2015 18:56,21.55,24.2,0,648.25,0.003845814,0
02/02/2015 18:58,21.5,24.2,0,640.3333333,0.003833988,0
02/02/2015 18:59,21.5,24.2,0,638,0.003833988,0
02/02/2015 19:00,21.5,24.2,0,636.25,0.003833988,0
02/02/2015 19:01,21.5,24.2,0,636.3333333,0.003833988,0
02/02/2015 19:01,21.5,24.15,0,635.75,0.003826018,0
02/02/2015 19:02,21.5,24.175,0,635.5,0.003830003,0
02/02/2015 19:04,21.5,24.125,0,627.5,0.003822033,0
02/02/2015 19:05,21.5,24.15,0,626.25,0.003826018,0
02/02/2015 19:06,21.5,24.125,0,621.5,0.003822033,0
02/02/2015 19:07,21.5,24.1,0,621.75,0.003818048,0
02/02/2015 19:08,21.5,24.1,0,620.6666667,0.003818048,0
02/02/2015 19:08,21.5,24.1,0,617,0.003818048,0
02/02/2015 19:09,21.5,24.1,0,612.75,0.003818048,0
02/02/2015 19:11,21.4725,24.075,0,614.5,0.003807606,0
02/02/2015 19:12,21.39,24,0,617.3333333,0.003776419,0
02/02/2015 19:13,21.42666667,23.92666667,0,614.25,0.00377333,0
02/02/2015 19:14,21.39,23.9725,0,610.75,0.003772066,0
02/02/2015 19:14,21.39,23.9175,0,603,0.003763359,0
02/02/2015 19:15,21.39,23.945,0,603.5,0.003767713,0
02/02/2015 19:17,21.365,23.89,0,602,0.003753216,0
02/02/2015 19:18,21.32333333,24,0,605.6666667,0.003760925,0
02/02/2015 19:19,21.34,23.9725,0,604.5,0.003760453,0
02/02/2015 19:20,21.315,23.9725,0,599,0.003754659,0
02/02/2015 19:21,21.35666667,24,0,600,0.003768665,0
02/02/2015 19:21,21.39,23.9725,0,596.5,0.003772066,0
02/02/2015 19:23,21.315,23.89,0,597.5,0.00374166,0
02/02/2015 19:24,21.29,23.945,0,594,0.003744546,0
02/02/2015 19:25,21.29,23.9725,0,590.5,0.003748872,0
02/02/2015 19:25,21.29,23.89,0,586.6666667,0.003735893,0
02/02/2015 19:27,21.29,23.92666667,0,588,0.003741662,0
02/02/2015 19:27,21.29,23.89,0,585.5,0.003735893,0
02/02/2015 19:28,21.29,23.89,0,584.5,0.003735893,0
02/02/2015 19:30,21.254,23.85,0,587.2,0.003721325,0
02/02/2015 19:31,21.23,23.82333333,0,585,0.003711637,0
02/02/2015 19:32,21.218,23.81,0,579.4,0.0037068,0
02/02/2015 19:33,21.2,23.79,0,579.3333333,0.003699555,0
02/02/2015 19:34,21.2,23.79,0,581.6,0.003699555,0
02/02/2015 19:34,21.2,23.79,0,581.6666667,0.003699555,0
02/02/2015 19:36,21.2,23.79,0,577.5,0.003699555,0
02/02/2015 19:37,21.2,23.79,0,577.3333333,0.003699555,0
02/02/2015 19:38,21.2,23.7675,0,574.25,0.003696035,0
02/02/2015 19:38,21.2,23.745,0,569,0.003692515,0
02/02/2015 19:40,21.2,23.76,0,565.3333333,0.003694862,0
02/02/2015 19:40,21.2,23.7,0,561.4,0.003685476,0
02/02/2015 19:41,21.2,23.79,0,567.3333333,0.003699555,0
02/02/2015 19:43,21.175,23.7,0,565.3333333,0.003679792,0
02/02/2015 19:44,21.16666667,23.7,0,563.5,0.003677899,0
02/02/2015 19:45,21.125,23.675,0,559,0.003664554,0
02/02/2015 19:46,21.1,23.65,0,559.5,0.003655012,0
02/02/2015 19:46,21.125,23.65,0,550.5,0.003660661,0
02/02/2015 19:47,21.1,23.6,0,553,0.003647239,0
02/02/2015 19:49,21.13333333,23.6,0,552,0.003654757,0
02/02/2015 19:50,21.1,23.6,0,553.25,0.003647239,0
02/02/2015 19:51,21.1,23.6,0,545.75,0.003647239,0
02/02/2015 19:52,21.1,23.6,0,548,0.003647239,0
02/02/2015 19:53,21.1,23.6,0,547,0.003647239,0
02/02/2015 19:53,21.1,23.575,0,545.75,0.003643353,0
02/02/2015 19:54,21.1,23.53333333,0,544,0.003636876,0
02/02/2015 19:56,21.1,23.4725,0,545.5,0.00362742,0
02/02/2015 19:57,21.1,23.4725,0,547,0.00362742,0
02/02/2015 19:58,21.1,23.5,0,545.25,0.003631695,0
02/02/2015 19:59,21.1,23.5,0,541.25,0.003631695,0
02/02/2015 19:59,21.125,23.5,0,540.75,0.003637308,0
02/02/2015 20:00,21.1,23.5,0,533.3333333,0.003631695,0
02/02/2015 20:02,21.13333333,23.5,0,528,0.00363918,0
02/02/2015 20:03,21.1,23.3925,0,537.75,0.003614985,0
02/02/2015 20:04,21.1,23.4725,0,539.5,0.00362742,0
02/02/2015 20:05,21.1,23.5,0,535.25,0.003631695,0
02/02/2015 20:06,21.1,23.5,0,537.25,0.003631695,0
02/02/2015 20:06,21.1,23.5,0,535.25,0.003631695,0
02/02/2015 20:08,21.1,23.5,0,533.4,0.003631695,0
02/02/2015 20:09,21.1,23.5,0,524.5,0.003631695,0
02/02/2015 20:10,21.1,23.434,0,524.8,0.003621436,0
02/02/2015 20:10,21.1,23.39,0,522.6666667,0.003614596,0
02/02/2015 20:12,21.1,23.39,0,521,0.003614596,0
02/02/2015 20:12,21.125,23.39,0,519.75,0.003620183,0
02/02/2015 20:13,21.1,23.39,0,523,0.003614596,0
02/02/2015 20:15,21.1,23.39,0,523,0.003614596,0
02/02/2015 20:16,21.1,23.39,0,519,0.003614596,0
02/02/2015 20:17,21.1,23.365,0,519.5,0.003610711,0
02/02/2015 20:18,21.1,23.39,0,519.75,0.003614596,0
02/02/2015 20:19,21.1,23.365,0,520,0.003610711,0
02/02/2015 20:19,21.1,23.33,0,524.6,0.003605271,0
02/02/2015 20:21,21.075,23.315,0,520.25,0.003597378,0
02/02/2015 20:22,21.075,23.34,0,519,0.003601258,0
02/02/2015 20:23,21.1,23.29,0,523.2,0.003599053,0
02/02/2015 20:23,21.03333333,23.29,0,517.6666667,0.003584258,0
02/02/2015 20:25,21.02,23.29,0,514.2,0.003581305,0
02/02/2015 20:25,21.025,23.29,0,516.5,0.003582412,0
02/02/2015 20:26,21,23.29,0,521,0.00357688,0
02/02/2015 20:28,21,23.29,0,520,0.00357688,0
02/02/2015 20:29,21,23.254,0,517.8,0.00357132,0
02/02/2015 20:30,21,23.26,0,514.3333333,0.003572246,0
02/02/2015 20:31,21,23.2675,0,516.75,0.003573405,0
02/02/2015 20:31,21,23.29,0,520.75,0.00357688,0
02/02/2015 20:32,21,23.29,0,519.3333333,0.00357688,0
02/02/2015 20:34,21,23.29,0,519,0.00357688,0
02/02/2015 20:35,21,23.29,0,509.75,0.00357688,0
02/02/2015 20:36,21,23.29,0,508.5,0.00357688,0
02/02/2015 20:37,20.9725,23.29,0,504.5,0.003570804,0
02/02/2015 20:38,21,23.29,0,506.5,0.00357688,0
02/02/2015 20:38,20.9725,23.29,0,509,0.003570804,0
02/02/2015 20:39,20.96333333,23.29,0,507.25,0.00356878,0
02/02/2015 20:41,21,23.29,0,509.3333333,0.00357688,0
02/02/2015 20:42,20.89,23.2,0,509.6666667,0.003538822,0
02/02/2015 20:43,20.89,23.245,0,508.25,0.003545725,0
02/02/2015 20:44,20.89,23.2225,0,510.25,0.003542274,0
02/02/2015 20:44,20.89,23.254,0,504,0.003547106,0
02/02/2015 20:45,20.89,23.26,0,499.3333333,0.003548027,0
02/02/2015 20:47,20.89,23.2225,0,495,0.003542274,0
02/02/2015 20:48,20.89,23.2,0,496.25,0.003538822,0
02/02/2015 20:49,20.89,23.2,0,494.75,0.003538822,0
02/02/2015 20:50,20.89,23.2,0,492.5,0.003538822,0
02/02/2015 20:51,20.89,23.2,0,494.25,0.003538822,0
02/02/2015 20:51,20.89,23.2,0,492.3333333,0.003538822,0
02/02/2015 20:53,20.89,23.125,0,493.75,0.003527317,0
02/02/2015 20:54,20.89,23.125,0,484.75,0.003527317,0
02/02/2015 20:55,20.89,23.1,0,489.25,0.003523482,0
02/02/2015 20:55,20.89,23.1,0,494.5,0.003523482,0
02/02/2015 20:57,20.89,23.1,0,495.6666667,0.003523482,0
02/02/2015 20:57,20.89,23.1,0,501.5,0.003523482,0
02/02/2015 20:58,20.89,23.1,0,499.6666667,0.003523482,0
02/02/2015 21:00,20.89,23.1,0,492.5,0.003523482,0
02/02/2015 21:01,20.89,23.1,0,494.25,0.003523482,0
02/02/2015 21:02,20.89,23.1,0,494,0.003523482,0
02/02/2015 21:03,20.9725,23.1,0,489.25,0.003541507,0
02/02/2015 21:04,20.9175,23.1,0,490,0.003529482,0
02/02/2015 21:04,20.89,23.1,0,495.5,0.003523482,0
02/02/2015 21:06,20.89,23.05,0,498,0.003515813,0
02/02/2015 21:07,20.89,23.05,0,495,0.003515813,0
02/02/2015 21:08,20.912,23,0,490.2,0.003512921,0
02/02/2015 21:08,20.92666667,23,0,492.3333333,0.003516109,0
02/02/2015 21:10,20.89,23,0,491.6666667,0.003508143,0
02/02/2015 21:10,20.89,22.956,0,488,0.003501394,0
02/02/2015 21:11,20.934,22.934,0,488,0.003507553,0
02/02/2015 21:13,20.89,23,0,485,0.003508143,0
02/02/2015 21:14,20.89,23,0,490,0.003508143,0
02/02/2015 21:15,20.9175,22.9725,0,489.5,0.003509891,0
02/02/2015 21:16,20.89,22.945,0,485.25,0.003499707,0
02/02/2015 21:16,20.89,22.89,0,485.6666667,0.003491271,0
02/02/2015 21:17,20.9175,22.945,0,485,0.003505665,0
02/02/2015 21:19,20.89,22.956,0,485.2,0.003501394,0
02/02/2015 21:20,20.945,22.89,0,484,0.003503168,0
02/02/2015 21:21,20.89,22.9175,0,483,0.003495489,0
02/02/2015 21:22,20.89,22.89,0,481,0.003491271,0
02/02/2015 21:23,20.89,22.89,0,476.5,0.003491271,0
02/02/2015 21:23,20.89,22.89,0,475,0.003491271,0
02/02/2015 21:24,20.89,22.89,0,476,0.003491271,0
02/02/2015 21:26,20.89,22.89,0,478.5,0.003491271,0
02/02/2015 21:27,20.89,22.89,0,481,0.003491271,0
02/02/2015 21:28,20.89,22.89,0,483,0.003491271,0
02/02/2015 21:29,20.85666667,22.85666667,0,480.25,0.003478976,0
02/02/2015 21:29,20.89,22.89,0,480.25,0.003491271,0
02/02/2015 21:30,20.89,22.865,0,470.75,0.003487436,0
02/02/2015 21:32,20.89,22.89,0,474.75,0.003491271,0
02/02/2015 21:33,20.89,22.865,0,482.25,0.003487436,0
02/02/2015 21:34,20.89,22.89,0,480.3333333,0.003491271,0
02/02/2015 21:35,20.89,22.89,0,480,0.003491271,0
02/02/2015 21:36,20.89,22.84,0,481.5,0.003483602,0
02/02/2015 21:36,20.89,22.84,0,483.5,0.003483602,0
02/02/2015 21:38,20.89,22.79,0,475.6,0.003475933,0
02/02/2015 21:39,20.89,22.76,0,475.3333333,0.003471332,0
02/02/2015 21:40,20.89,22.815,0,477.6666667,0.003479768,0
02/02/2015 21:40,20.89,22.79,0,475.75,0.003475933,0
02/02/2015 21:42,20.89,22.79,0,479.1666667,0.003475933,0
02/02/2015 21:42,20.865,22.7675,0,475,0.003467115,0
02/02/2015 21:43,20.865,22.7675,0,474,0.003467115,0
02/02/2015 21:45,20.89,22.79,0,477.3333333,0.003475933,0
02/02/2015 21:46,20.89,22.79,0,473,0.003475933,0
02/02/2015 21:47,20.89,22.7675,0,470,0.003472482,0
02/02/2015 21:48,20.865,22.675,0,468.75,0.003452951,0
02/02/2015 21:49,20.87,22.718,0,471.4,0.003460606,0
02/02/2015 21:49,20.89,22.7,0,471,0.00346213,0
02/02/2015 21:51,20.89,22.7,0,468,0.00346213,0
02/02/2015 21:52,20.85,22.678,0,468.6,0.003450207,0
02/02/2015 21:53,20.81,22.62,0,467.4,0.003432825,0
02/02/2015 21:53,20.79,22.6,0,469,0.003425529,0
02/02/2015 21:55,20.79,22.65,0,471.25,0.00343315,0
02/02/2015 21:55,20.82333333,22.73,0,470.6666667,0.003452459,0
02/02/2015 21:56,20.79,22.6,0,466.75,0.003425529,0
02/02/2015 21:58,20.79,22.64,0,466.8,0.003431626,0
02/02/2015 21:59,20.79,22.7,0,468.75,0.003440771,0
02/02/2015 22:00,20.79,22.65,0,467.5,0.00343315,0
02/02/2015 22:01,20.79,22.63333333,0,469.6666667,0.00343061,0
02/02/2015 22:01,20.79,22.7,0,469.75,0.003440771,0
02/02/2015 22:02,20.79,22.6,0,469.75,0.003425529,0
02/02/2015 22:04,20.79,22.6,0,467.25,0.003425529,0
02/02/2015 22:05,20.772,22.6,0,461.4,0.003421714,0
02/02/2015 22:06,20.79,22.6,0,469.25,0.003425529,0
02/02/2015 22:07,20.79,22.625,0,468,0.00342934,0
02/02/2015 22:08,20.73,22.6,0,469,0.003412826,0
02/02/2015 22:08,20.79,22.6,0,467.25,0.003425529,0
02/02/2015 22:09,20.79,22.6,0,467.4,0.003425529,0
02/02/2015 22:11,20.79,22.6,0,467.6666667,0.003425529,0
02/02/2015 22:12,20.745,22.6,0,471.5,0.003415998,0
02/02/2015 22:13,20.76,22.6,0,471.6666667,0.003419173,0
02/02/2015 22:14,20.7225,22.6,0,464.75,0.003411242,0
02/02/2015 22:14,20.7225,22.6,0,461.75,0.003411242,0
02/02/2015 22:15,20.7225,22.6,0,458.5,0.003411242,0
02/02/2015 22:17,20.745,22.55,0,459.5,0.003408399,0
02/02/2015 22:18,20.7225,22.55,0,460.5,0.003403653,0
02/02/2015 22:19,20.76,22.56666667,0,465.3333333,0.003414102,0
02/02/2015 22:20,20.7225,22.5,0,465,0.003396065,0
02/02/2015 22:21,20.7225,22.5,0,459,0.003396065,0
02/02/2015 22:21,20.7675,22.5,0,463,0.003405542,0
02/02/2015 22:23,20.745,22.5,0,460.75,0.003400801,0
02/02/2015 22:24,20.7,22.5,0,461.5,0.003391335,0
02/02/2015 22:25,20.7,22.5,0,466,0.003391335,0
02/02/2015 22:25,20.7675,22.5,0,460.25,0.003405542,0
02/02/2015 22:27,20.718,22.52,0,457.4,0.003398153,0
02/02/2015 22:27,20.7,22.5,0,464.6,0.003391335,0
02/02/2015 22:28,20.73,22.5,0,464.3333333,0.003397643,0
02/02/2015 22:30,20.7,22.5,0,459.3333333,0.003391335,0
02/02/2015 22:31,20.7,22.5,0,459.75,0.003391335,0
02/02/2015 22:32,20.7225,22.5,0,459.25,0.003396065,0
02/02/2015 22:33,20.7,22.5,0,463,0.003391335,0
02/02/2015 22:34,20.7225,22.445,0,461.5,0.003387718,0
02/02/2015 22:34,20.7,22.5,0,454.5,0.003391335,0
02/02/2015 22:36,20.7,22.5,0,458.3333333,0.003391335,0
02/02/2015 22:37,20.718,22.5,0,463,0.003395119,0
02/02/2015 22:38,20.7,22.5,0,463.75,0.003391335,0
02/02/2015 22:38,20.7,22.456,0,460.6,0.003384667,0
02/02/2015 22:40,20.7,22.5,0,455.25,0.003391335,0
02/02/2015 22:40,20.7,22.5,0,455.6666667,0.003391335,0
02/02/2015 22:41,20.7,22.5,0,456.25,0.003391335,0
02/02/2015 22:43,20.7,22.42666667,0,459.6666667,0.003380222,0
02/02/2015 22:44,20.7,22.5,0,462,0.003391335,0
02/02/2015 22:45,20.7225,22.4725,0,460.25,0.003391892,0
02/02/2015 22:46,20.718,22.434,0,462,0.003385105,0
02/02/2015 22:46,20.73,22.39,0,461,0.003380942,0
02/02/2015 22:47,20.7,22.39,0,461.6666667,0.003374666,0
02/02/2015 22:49,20.745,22.39,0,460.25,0.003384084,0
02/02/2015 22:50,20.7225,22.365,0,456.25,0.003375578,0
02/02/2015 22:51,20.745,22.39,0,457.5,0.003384084,0
02/02/2015 22:52,20.772,22.37,0,455.8,0.003386702,0
02/02/2015 22:53,20.76,22.39,0,455,0.003387229,0
02/02/2015 22:53,20.7675,22.365,0,451.25,0.003384998,0
02/02/2015 22:54,20.745,22.39,0,453.75,0.003384084,0
02/02/2015 22:56,20.736,22.39,0,456.2,0.003382199,0
02/02/2015 22:57,20.73,22.35666667,0,453.6666667,0.003375881,0
02/02/2015 22:58,20.7,22.34,0,452.75,0.003367089,0
02/02/2015 22:59,20.76,22.35666667,0,454,0.003382159,0
02/02/2015 22:59,20.745,22.39,0,452.5,0.003384084,0
02/02/2015 23:00,20.73,22.39,0,456,0.003380942,0
02/02/2015 23:02,20.745,22.34,0,451.5,0.003376486,0
02/02/2015 23:03,20.7,22.37,0,449.8,0.003371635,0
02/02/2015 23:04,20.7,22.365,0,449.25,0.003370877,0
02/02/2015 23:05,20.7,22.365,0,452.25,0.003370877,0
02/02/2015 23:06,20.7225,22.34,0,451.25,0.003371784,0
02/02/2015 23:06,20.7,22.34,0,453,0.003367089,0
02/02/2015 23:08,20.7,22.39,0,453.25,0.003374666,0
02/02/2015 23:09,20.7,22.315,0,456.6666667,0.0033633,0
02/02/2015 23:10,20.7,22.29,0,455.75,0.003359512,0
02/02/2015 23:10,20.7,22.365,0,458,0.003370877,0
02/02/2015 23:12,20.7,22.34,0,458.75,0.003367089,0
02/02/2015 23:12,20.7,22.29,0,455.5,0.003359512,0
02/02/2015 23:13,20.7,22.29,0,455,0.003359512,0
02/02/2015 23:15,20.7,22.29,0,453.3333333,0.003359512,0
02/02/2015 23:16,20.7,22.33,0,454.6,0.003365573,0
02/02/2015 23:17,20.7,22.29,0,457.5,0.003359512,0
02/02/2015 23:18,20.7,22.29,0,449.6666667,0.003359512,0
02/02/2015 23:19,20.7,22.29,0,452,0.003359512,0
02/02/2015 23:19,20.7,22.29,0,453.5,0.003359512,0
02/02/2015 23:21,20.7,22.29,0,452,0.003359512,0
02/02/2015 23:22,20.7,22.29,0,450.6,0.003359512,0
02/02/2015 23:23,20.7,22.29,0,450.6666667,0.003359512,0
02/02/2015 23:23,20.7,22.29,0,451,0.003359512,0
02/02/2015 23:25,20.7,22.29,0,454.5,0.003359512,0
02/02/2015 23:25,20.7,22.29,0,457.25,0.003359512,0
02/02/2015 23:26,20.7,22.315,0,456,0.0033633,0
02/02/2015 23:28,20.675,22.29,0,456.5,0.003354313,0
02/02/2015 23:29,20.675,22.29,0,453.5,0.003354313,0
02/02/2015 23:30,20.7,22.29,0,454.25,0.003359512,0
02/02/2015 23:31,20.675,22.22,0,454,0.003343722,0
02/02/2015 23:31,20.675,22.2675,0,451,0.003350909,0
02/02/2015 23:32,20.66666667,22.26,0,450.25,0.003348045,0
02/02/2015 23:34,20.625,22.2225,0,449.75,0.003333756,0
02/02/2015 23:35,20.675,22.2675,0,452,0.003350909,0
02/02/2015 23:36,20.65,22.245,0,452.5,0.003342324,0
02/02/2015 23:37,20.64,22.236,0,454,0.003338894,0
02/02/2015 23:38,20.63333333,22.26,0,453,0.003341137,0
02/02/2015 23:38,20.7,22.29,0,454,0.003359512,0
02/02/2015 23:39,20.675,22.2675,0,450,0.003350909,0
02/02/2015 23:41,20.625,22.245,0,451.75,0.003337149,0
02/02/2015 23:42,20.675,22.2675,0,450.25,0.003350909,0
02/02/2015 23:43,20.625,22.2225,0,445,0.003333756,0
02/02/2015 23:44,20.65,22.2675,0,446.25,0.003345722,0
02/02/2015 23:44,20.66666667,22.26,0,450.6666667,0.003348045,0
02/02/2015 23:45,20.64,22.236,0,453.6,0.003338894,0
02/02/2015 23:47,20.63333333,22.23,0,450.3333333,0.00333661,0
02/02/2015 23:48,20.65,22.245,0,445.5,0.003342324,0
02/02/2015 23:49,20.65,22.245,0,443,0.003342324,0
02/02/2015 23:50,20.65,22.245,0,449.25,0.003342324,0
02/02/2015 23:51,20.63333333,22.23,0,454.6666667,0.00333661,0
02/02/2015 23:51,20.65,22.245,0,449,0.003342324,0
02/02/2015 23:53,20.625,22.2225,0,448.5,0.003333756,0
02/02/2015 23:54,20.6,22.2,0,449.6,0.003325206,0
02/02/2015 23:55,20.6,22.2,0,454,0.003325206,0
02/02/2015 23:55,20.6,22.2225,0,451.25,0.003328594,0
02/02/2015 23:57,20.6,22.2,0,449.3333333,0.003325206,0
02/02/2015 23:57,20.6,22.2,0,446,0.003325206,0
02/02/2015 23:58,20.6,22.2225,0,445.75,0.003328594,0
03/02/2015 00:00,20.6,22.2,0,451.5,0.003325206,0
03/02/2015 00:01,20.6,22.2,0,455.25,0.003325206,0
03/02/2015 00:02,20.6,22.2,0,455.25,0.003325206,0
03/02/2015 00:03,20.63333333,22.23,0,451.6666667,0.00333661,0
03/02/2015 00:04,20.6,22.2,0,451,0.003325206,0
03/02/2015 00:04,20.6,22.2,0,448.75,0.003325206,0
03/02/2015 00:06,20.6,22.2,0,445.75,0.003325206,0
03/02/2015 00:07,20.6,22.2,0,444.75,0.003325206,0
03/02/2015 00:08,20.6,22.2,0,446.3333333,0.003325206,0
03/02/2015 00:08,20.6,22.2,0,450,0.003325206,0
03/02/2015 00:10,20.575,22.2225,0,446.5,0.003323439,0
03/02/2015 00:10,20.6,22.2225,0,446.5,0.003328594,0
03/02/2015 00:11,20.575,22.2675,0,447.75,0.003330205,0
03/02/2015 00:13,20.58,22.254,0,449.6,0.003329207,0
03/02/2015 00:14,20.6,22.23,0,451.6666667,0.003329723,0
03/02/2015 00:15,20.6,22.26,0,450,0.003334241,0
03/02/2015 00:16,20.6,22.2,0,449.25,0.003325206,0
03/02/2015 00:16,20.575,22.2,0,449.75,0.003320056,0
03/02/2015 00:17,20.55,22.2675,0,453.75,0.003325047,0
03/02/2015 00:19,20.6,22.2,0,453,0.003325206,0
03/02/2015 00:20,20.6,22.2,0,450.5,0.003325206,0
03/02/2015 00:21,20.56666667,22.23,0,447,0.00332285,0
03/02/2015 00:22,20.575,22.2675,0,443.75,0.003330205,0
03/02/2015 00:23,20.6,22.2,0,444.25,0.003325206,0
03/02/2015 00:23,20.6,22.2675,0,451.5,0.00333537,0
03/02/2015 00:24,20.6,22.218,0,448.4,0.003327916,0
03/02/2015 00:26,20.6,22.2,0,449,0.003325206,0
03/02/2015 00:27,20.6,22.26,0,449.3333333,0.003334241,0
03/02/2015 00:28,20.6,22.2,0,446.25,0.003325206,0
03/02/2015 00:29,20.6,22.2,0,446.6,0.003325206,0
03/02/2015 00:29,20.6,22.2,0,447.6666667,0.003325206,0
03/02/2015 00:30,20.6,22.2,0,447,0.003325206,0
03/02/2015 00:32,20.6,22.2,0,446.75,0.003325206,0
03/02/2015 00:33,20.6,22.2,0,449.3333333,0.003325206,0
03/02/2015 00:34,20.58,22.2,0,451.2,0.003321086,0
03/02/2015 00:35,20.6,22.2,0,454,0.003325206,0
03/02/2015 00:36,20.6,22.2,0,451,0.003325206,0
03/02/2015 00:36,20.6,22.2,0,450.25,0.003325206,0
03/02/2015 00:38,20.6,22.2225,0,450,0.003328594,0
03/02/2015 00:39,20.6,22.2225,0,449,0.003328594,0
03/02/2015 00:40,20.6,22.2,0,446,0.003325206,0
03/02/2015 00:40,20.58,22.218,0,443.2,0.003323793,0
03/02/2015 00:42,20.56666667,22.26,0,443.3333333,0.003327358,0
03/02/2015 00:42,20.6,22.2,0,448,0.003325206,0
03/02/2015 00:43,20.6,22.2675,0,454,0.00333537,0
03/02/2015 00:45,20.6,22.29,0,451.5,0.003338759,0
03/02/2015 00:46,20.6,22.29,0,451.3333333,0.003338759,0
03/02/2015 00:47,20.55,22.29,0,447,0.003328425,0
03/02/2015 00:48,20.55,22.29,0,448.5,0.003328425,0
03/02/2015 00:49,20.525,22.2225,0,450.5,0.003313151,0
03/02/2015 00:49,20.575,22.29,0,446.5,0.003333588,0
03/02/2015 00:51,20.6,22.29,0,447.3333333,0.003338759,0
03/02/2015 00:52,20.575,22.29,0,453.5,0.003333588,0
03/02/2015 00:53,20.56666667,22.29,0,451.3333333,0.003331866,0
03/02/2015 00:53,20.58,22.254,0,449.4,0.003329207,0
03/02/2015 00:55,20.53333333,22.26,0,453.6666667,0.003320487,0
03/02/2015 00:55,20.575,22.2,0,448.25,0.003320056,0
03/02/2015 00:56,20.575,22.29,0,452,0.003333588,0
03/02/2015 00:58,20.525,22.2675,0,452.6666667,0.003319896,0
03/02/2015 00:59,20.6,22.2,0,454.6666667,0.003325206,0
03/02/2015 01:00,20.6,22.254,0,453.2,0.003333337,0
03/02/2015 01:01,20.56,22.29,0,447.6,0.003330489,0
03/02/2015 01:01,20.6,22.29,0,447.6666667,0.003338759,0
03/02/2015 01:02,20.55,22.29,0,448,0.003328425,0
03/02/2015 01:04,20.55,22.29,0,451,0.003328425,0
03/02/2015 01:05,20.6,22.29,0,451,0.003338759,0
03/02/2015 01:06,20.525,22.2675,0,451,0.003319896,0
03/02/2015 01:07,20.525,22.29,0,449.75,0.003323268,0
03/02/2015 01:08,20.52,22.29,0,453,0.003322238,0
03/02/2015 01:08,20.5,22.2675,0,453.5,0.003314751,0
03/02/2015 01:09,20.5,22.29,0,452.3333333,0.003318119,0
03/02/2015 01:11,20.525,22.29,0,452,0.003323268,0
03/02/2015 01:12,20.6,22.26,0,450.6666667,0.003334241,0
03/02/2015 01:13,20.5,22.2,0,449.5,0.00330465,0
03/02/2015 01:14,20.6,22.2225,0,449.75,0.003328594,0
03/02/2015 01:14,20.56,22.2,0,449,0.00331697,0
03/02/2015 01:15,20.6,22.2,0,451.3333333,0.003325206,0
03/02/2015 01:17,20.56666667,22.2,0,449,0.003318341,0
03/02/2015 01:18,20.56666667,22.2,0,448,0.003318341,0
03/02/2015 01:19,20.575,22.2,0,443.25,0.003320056,0
03/02/2015 01:20,20.55,22.245,0,446.5,0.003321669,0
03/02/2015 01:21,20.6,22.245,0,448.75,0.003331982,0
03/02/2015 01:21,20.6,22.2225,0,451,0.003328594,0
03/02/2015 01:23,20.6,22.2,0,451.5,0.003325206,0
03/02/2015 01:24,20.56666667,22.2,0,455,0.003318341,0
03/02/2015 01:25,20.6,22.2,0,451.6,0.003325206,0
03/02/2015 01:25,20.6,22.2,0,452.6666667,0.003325206,0
03/02/2015 01:27,20.6,22.14,0,448.2,0.003316171,0
03/02/2015 01:27,20.6,22.125,0,445.75,0.003313912,0
03/02/2015 01:28,20.6,22.1,0,446.6666667,0.003310148,0
03/02/2015 01:30,20.6,22.1,0,446.3333333,0.003310148,0
03/02/2015 01:31,20.6,22.125,0,444.75,0.003313912,0
03/02/2015 01:32,20.6,22.1,0,444.5,0.003310148,0
03/02/2015 01:33,20.58,22.14,0,446,0.003312062,0
03/02/2015 01:34,20.56666667,22.13333333,0,443.3333333,0.003308323,0
03/02/2015 01:34,20.6,22.1,0,447,0.003310148,0
03/02/2015 01:36,20.56666667,22.1,0,446,0.003303314,0
03/02/2015 01:37,20.6,22.15,0,445.25,0.003317677,0
03/02/2015 01:38,20.575,22.125,0,442,0.00330878,0
03/02/2015 01:38,20.575,22.1,0,443,0.003305022,0
03/02/2015 01:40,20.6,22.1,0,443,0.003310148,0
03/02/2015 01:40,20.6,22.1,0,446.3333333,0.003310148,0
03/02/2015 01:41,20.6,22.13333333,0,449,0.003315167,0
03/02/2015 01:43,20.6,22.125,0,445.25,0.003313912,0
03/02/2015 01:44,20.6,22.1,0,441.25,0.003310148,0
03/02/2015 01:45,20.575,22.175,0,441.75,0.003316298,0
03/02/2015 01:46,20.575,22.175,0,441.5,0.003316298,0
03/02/2015 01:46,20.6,22.13333333,0,445,0.003315167,0
03/02/2015 01:47,20.575,22.125,0,446,0.00330878,0
03/02/2015 01:49,20.55,22.2,0,442.5,0.003314914,0
03/02/2015 01:50,20.56666667,22.2,0,445,0.003318341,0
03/02/2015 01:51,20.525,22.2,0,443.5,0.003309778,0
03/02/2015 01:52,20.56,22.2,0,443,0.00331697,0
03/02/2015 01:53,20.6,22.2,0,444.3333333,0.003325206,0
03/02/2015 01:53,20.53333333,22.2,0,443.6666667,0.003311489,0
03/02/2015 01:54,20.58,22.2,0,443.4,0.003321086,0
03/02/2015 01:56,20.6,22.2,0,447,0.003325206,0
03/02/2015 01:57,20.6,22.2,0,446.25,0.003325206,0
03/02/2015 01:58,20.56,22.2,0,445.6,0.00331697,0
03/02/2015 01:59,20.55,22.2,0,448.5,0.003314914,0
03/02/2015 01:59,20.6,22.2,0,443.6666667,0.003325206,0
03/02/2015 02:00,20.58,22.2,0,444.4,0.003321086,0
03/02/2015 02:02,20.6,22.2,0,444.3333333,0.003325206,0
03/02/2015 02:03,20.575,22.2,0,443.5,0.003320056,0
03/02/2015 02:04,20.56666667,22.23,0,451,0.00332285,0
03/02/2015 02:05,20.575,22.2675,0,444.5,0.003330205,0
03/02/2015 02:06,20.6,22.2225,0,443,0.003328594,0
03/02/2015 02:06,20.53333333,22.2,0,445.6666667,0.003311489,0
03/02/2015 02:08,20.56,22.2,0,447.8,0.00331697,0
03/02/2015 02:09,20.6,22.2,0,445,0.003325206,0
03/02/2015 02:10,20.575,22.2,0,442.5,0.003320056,0
03/02/2015 02:10,20.525,22.245,0,446.75,0.003316523,0
03/02/2015 02:12,20.525,22.2675,0,442.75,0.003319896,0
03/02/2015 02:12,20.5,22.29,0,441.3333333,0.003318119,0
03/02/2015 02:13,20.525,22.29,0,443.75,0.003323268,0
03/02/2015 02:15,20.5,22.29,0,441.25,0.003318119,0
03/02/2015 02:16,20.5,22.29,0,440.25,0.003318119,0
03/02/2015 02:17,20.5,22.29,0,441.5,0.003318119,0
03/02/2015 02:18,20.5,22.29,0,439.3333333,0.003318119,0
03/02/2015 02:19,20.5,22.29,0,439,0.003318119,0
03/02/2015 02:19,20.5,22.29,0,445.3333333,0.003318119,0
03/02/2015 02:21,20.5,22.29,0,443.5,0.003318119,0
03/02/2015 02:22,20.5,22.29,0,439.8,0.003318119,0
03/02/2015 02:23,20.5,22.29,0,438.25,0.003318119,0
03/02/2015 02:23,20.5,22.29,0,443,0.003318119,0
03/02/2015 02:25,20.5,22.29,0,440.75,0.003318119,0
03/02/2015 02:25,20.5,22.29,0,438.2,0.003318119,0
03/02/2015 02:26,20.5,22.29,0,441.3333333,0.003318119,0
03/02/2015 02:28,20.5,22.29,0,438.25,0.003318119,0
03/02/2015 02:29,20.5,22.29,0,436.5,0.003318119,0
03/02/2015 02:30,20.5,22.29,0,439.3333333,0.003318119,0
03/02/2015 02:31,20.5,22.29,0,439.75,0.003318119,0
03/02/2015 02:31,20.5,22.29,0,439.75,0.003318119,0
03/02/2015 02:32,20.5,22.29,0,441.1666667,0.003318119,0
03/02/2015 02:34,20.5,22.29,0,441.6666667,0.003318119,0
03/02/2015 02:35,20.5,22.29,0,438.5,0.003318119,0
03/02/2015 02:36,20.5,22.29,0,439.75,0.003318119,0
03/02/2015 02:37,20.5,22.29,0,438.2,0.003318119,0
03/02/2015 02:38,20.5,22.29,0,438.6666667,0.003318119,0
03/02/2015 02:38,20.5,22.315,0,442,0.00332186,0
03/02/2015 02:39,20.5,22.39,0,447.75,0.003333084,0
03/02/2015 02:41,20.5,22.35666667,0,442.3333333,0.003328096,0
03/02/2015 02:42,20.5,22.365,0,442.25,0.003329343,0
03/02/2015 02:43,20.5,22.39,0,445.75,0.003333084,0
03/02/2015 02:44,20.5,22.365,0,441.5,0.003329343,0
03/02/2015 02:44,20.5,22.39,0,437.25,0.003333084,0
03/02/2015 02:45,20.5,22.39,0,439,0.003333084,0
03/02/2015 02:47,20.5,22.29,0,436.5,0.003318119,0
03/02/2015 02:48,20.5,22.32333333,0,432.5,0.003323107,0
03/02/2015 02:49,20.5,22.315,0,427.5,0.00332186,0
03/02/2015 02:50,20.5,22.315,0,437.5,0.00332186,0
03/02/2015 02:51,20.5,22.35666667,0,436.6666667,0.003328096,0
03/02/2015 02:51,20.5,22.39,0,435,0.003333084,0
03/02/2015 02:53,20.5,22.39,0,437,0.003333084,0
03/02/2015 02:54,20.5,22.39,0,438.6666667,0.003333084,0
03/02/2015 02:55,20.5,22.39,0,440.5,0.003333084,0
03/02/2015 02:55,20.5,22.34,0,442.75,0.003325601,0
03/02/2015 02:57,20.5,22.37,0,438,0.003330091,0
03/02/2015 02:57,20.5,22.39,0,436.25,0.003333084,0
03/02/2015 02:58,20.46333333,22.35666667,0,441.3333333,0.003320533,0
03/02/2015 03:00,20.5,22.39,0,441,0.003333084,0
03/02/2015 03:01,20.5,22.315,0,437,0.00332186,0
03/02/2015 03:02,20.5,22.37,0,435.2,0.003330091,0
03/02/2015 03:03,20.5,22.35666667,0,433.3333333,0.003328096,0
03/02/2015 03:04,20.5,22.39,0,435,0.003333084,0
03/02/2015 03:04,20.5,22.34,0,433.8,0.003325601,0
03/02/2015 03:06,20.5,22.39,0,435.3333333,0.003333084,0
03/02/2015 03:07,20.5,22.39,0,437.25,0.003333084,0
03/02/2015 03:08,20.5,22.39,0,434.4,0.003333084,0
03/02/2015 03:08,20.5,22.39,0,431.75,0.003333084,0
03/02/2015 03:10,20.5,22.39,0,437.3333333,0.003333084,0
03/02/2015 03:10,20.5,22.39,0,439.6666667,0.003333084,0
03/02/2015 03:11,20.478,22.37,0,435.6,0.003325549,0
03/02/2015 03:13,20.456,22.35,0,433,0.003318027,0
03/02/2015 03:14,20.478,22.392,0,432.6,0.003328837,0
03/02/2015 03:15,20.5,22.39,0,435.75,0.003333084,0
03/02/2015 03:16,20.42666667,22.32333333,0,436,0.00330802,0
03/02/2015 03:16,20.5,22.39,0,434.5,0.003333084,0
03/02/2015 03:17,20.478,22.392,0,435.4,0.003328837,0
03/02/2015 03:19,20.42666667,22.32333333,0,437.3333333,0.00330802,0
03/02/2015 03:20,20.4175,22.3925,0,430.75,0.003316436,0
03/02/2015 03:21,20.456,22.414,0,439.2,0.003327579,0
03/02/2015 03:22,20.4725,22.39,0,441.5,0.003327402,0
03/02/2015 03:23,20.46333333,22.39333333,0,445.6666667,0.003326008,0
03/02/2015 03:23,20.5,22.39,0,443.25,0.003333084,0
03/02/2015 03:24,20.4175,22.3425,0,438.25,0.003308992,0
03/02/2015 03:26,20.46333333,22.46333333,0,437,0.003336461,0
03/02/2015 03:27,20.478,22.478,0,429.8,0.003341691,0
03/02/2015 03:28,20.5,22.456,0,431.2,0.003342962,0
03/02/2015 03:29,20.5,22.412,0,435.8,0.003336377,0
03/02/2015 03:29,20.4725,22.3925,0,435.75,0.003327776,0
03/02/2015 03:30,20.445,22.34,0,434.25,0.003314272,0
03/02/2015 03:32,20.5,22.434,0,434.6,0.00333967,0
03/02/2015 03:33,20.5,22.39,0,434,0.003333084,0
03/02/2015 03:34,20.5,22.39,0,433.5,0.003333084,0
03/02/2015 03:35,20.5,22.39,0,434.6666667,0.003333084,0
03/02/2015 03:36,20.5,22.39,0,437.5,0.003333084,0
03/02/2015 03:36,20.5,22.39,0,438.5,0.003333084,0
03/02/2015 03:38,20.5,22.42666667,0,436.6666667,0.003338572,0
03/02/2015 03:39,20.5,22.445,0,431.1666667,0.003341316,0
03/02/2015 03:40,20.5,22.39,0,436,0.003333084,0
03/02/2015 03:40,20.4725,22.3925,0,438.25,0.003327776,0
03/02/2015 03:42,20.5,22.46333333,0,439,0.00334406,0
03/02/2015 03:42,20.5,22.456,0,436.6,0.003342962,0
03/02/2015 03:43,20.5,22.39,0,432.6666667,0.003333084,0
03/02/2015 03:45,20.5,22.39,0,433.25,0.003333084,0
03/02/2015 03:46,20.4725,22.39,0,433.5,0.003327402,0
03/02/2015 03:47,20.4725,22.4175,0,435.75,0.003331511,0
03/02/2015 03:48,20.5,22.5,0,436,0.003349548,0
03/02/2015 03:49,20.5,22.478,0,430.8,0.003346255,0
03/02/2015 03:49,20.434,22.412,0,435.4,0.003322741,0
03/02/2015 03:51,20.4175,22.34,0,433.5,0.00330862,0
03/02/2015 03:52,20.39,22.39,0,429.75,0.003310408,0
03/02/2015 03:53,20.39,22.39,0,430,0.003310408,0
03/02/2015 03:53,20.39,22.39,0,433,0.003310408,0
03/02/2015 03:55,20.39,22.39,0,436.25,0.003310408,0
03/02/2015 03:55,20.39,22.39,0,433.5,0.003310408,0
03/02/2015 03:56,20.39,22.5,0,434.25,0.003326758,0
03/02/2015 03:58,20.39,22.46333333,0,430.3333333,0.003321308,0
03/02/2015 03:59,20.39,22.5,0,429.6,0.003326758,0
03/02/2015 04:00,20.39,22.5,0,433.5,0.003326758,0
03/02/2015 04:01,20.39,22.5,0,435.6,0.003326758,0
03/02/2015 04:01,20.39,22.5,0,434.6666667,0.003326758,0
03/02/2015 04:02,20.39,22.5,0,432.3333333,0.003326758,0
03/02/2015 04:04,20.39,22.5,0,438,0.003326758,0
03/02/2015 04:05,20.39,22.5,0,436.5,0.003326758,0
03/02/2015 04:06,20.39,22.5,0,440.75,0.003326758,0
03/02/2015 04:07,20.39,22.5,0,438,0.003326758,0
03/02/2015 04:08,20.39,22.5,0,434.75,0.003326758,0
03/02/2015 04:08,20.39,22.5,0,434.75,0.003326758,0
03/02/2015 04:09,20.39,22.5,0,435.6666667,0.003326758,0
03/02/2015 04:11,20.39,22.5,0,434,0.003326758,0
03/02/2015 04:12,20.35,22.5,0,429.2,0.003318505,0
03/02/2015 04:13,20.39,22.5,0,431.5,0.003326758,0
03/02/2015 04:14,20.39,22.5,0,430,0.003326758,0
03/02/2015 04:14,20.39,22.5,0,434,0.003326758,0
03/02/2015 04:15,20.39,22.5,0,434.25,0.003326758,0
03/02/2015 04:17,20.39,22.5,0,432.4,0.003326758,0
03/02/2015 04:18,20.39,22.46333333,0,434.3333333,0.003321308,0
03/02/2015 04:19,20.39,22.5,0,436.4,0.003326758,0
03/02/2015 04:20,20.39,22.5,0,435.75,0.003326758,0
03/02/2015 04:21,20.39,22.5,0,435.2,0.003326758,0
03/02/2015 04:21,20.39,22.5,0,436.75,0.003326758,0
03/02/2015 04:23,20.39,22.5,0,438.25,0.003326758,0
03/02/2015 04:24,20.39,22.5,0,438.75,0.003326758,0
03/02/2015 04:25,20.39,22.4725,0,437.5,0.003322671,0
03/02/2015 04:25,20.39,22.46333333,0,439.3333333,0.003321308,0
03/02/2015 04:27,20.39,22.5,0,437.5,0.003326758,0
03/02/2015 04:27,20.39,22.5,0,433.6,0.003326758,0
03/02/2015 04:28,20.39,22.5,0,431.3333333,0.003326758,0
03/02/2015 04:30,20.39,22.5,0,434.8,0.003326758,0
03/02/2015 04:31,20.39,22.46333333,0,433.3333333,0.003321308,0
03/02/2015 04:32,20.39,22.4725,0,433.8,0.003322671,0
03/02/2015 04:33,20.39,22.5,0,436.5,0.003326758,0
03/02/2015 04:34,20.39,22.5,0,434,0.003326758,0
03/02/2015 04:34,20.39,22.4725,0,433.75,0.003322671,0
03/02/2015 04:36,20.39,22.445,0,435.5,0.003318583,0
03/02/2015 04:37,20.39,22.42666667,0,434.3333333,0.003315858,0
03/02/2015 04:38,20.39,22.5,0,431.75,0.003326758,0
03/02/2015 04:38,20.39,22.5,0,431.5,0.003326758,0
03/02/2015 04:40,20.39,22.5,0,432.5,0.003326758,0
03/02/2015 04:40,20.39,22.456,0,435.4,0.003320218,0
03/02/2015 04:41,20.39,22.5,0,436.6666667,0.003326758,0
03/02/2015 04:43,20.39,22.5,0,432.6,0.003326758,0
03/02/2015 04:44,20.39,22.46333333,0,433,0.003321308,0
03/02/2015 04:45,20.39,22.445,0,431.5,0.003318583,0
03/02/2015 04:46,20.39,22.5,0,431.8,0.003326758,0
03/02/2015 04:46,20.39,22.5,0,439.6666667,0.003326758,0
03/02/2015 04:47,20.39,22.5,0,436.6666667,0.003326758,0
03/02/2015 04:49,20.39,22.5,0,439,0.003326758,0
03/02/2015 04:50,20.39,22.5,0,436.25,0.003326758,0
03/02/2015 04:51,20.39,22.5,0,435.8,0.003326758,0
03/02/2015 04:52,20.39,22.42666667,0,438.3333333,0.003315858,0
03/02/2015 04:53,20.39,22.4725,0,436,0.003322671,0
03/02/2015 04:53,20.39,22.5,0,433.6666667,0.003326758,0
03/02/2015 04:54,20.39,22.5,0,432.25,0.003326758,0
03/02/2015 04:56,20.39,22.5,0,433.5,0.003326758,0
03/02/2015 04:57,20.39,22.5,0,436.25,0.003326758,0
03/02/2015 04:58,20.39,22.5,0,435,0.003326758,0
03/02/2015 04:59,20.39,22.5,0,433.75,0.003326758,0
03/02/2015 04:59,20.39,22.5,0,440.6666667,0.003326758,0
03/02/2015 05:00,20.39,22.5,0,441.2,0.003326758,0
